REACTOME_ONCOGENE_INDUCED_SENESCENCE	> Oncogene Induced Senescence	AGO1	AGO3	AGO4	CDK4	CDK6	CDKN2A	CDKN2B	CDKN2C	CDKN2D	E2F1	E2F2	E2F3	ERF	ETS1	ETS2	ID1	MAPK1	MAPK3	MDM2	MDM4	MIR24-1	MIR24-2	MOV10	RB1	RPS27A	SP1	TFDP1	TFDP2	TNRC6A	TNRC6B	TNRC6C	TP53	UBA52	UBB	UBC																																																																																																																																																																																																																																																																																																																																																																																																																																																																																																																																																																																																																																																																																																				
SASP	SASP	CCL11	CCL7	CCL2	CTSB	IL6ST	MIF	EGFR	PLAU	CXCR2	FAS	IGF2	ANG	PIGF	MMP14	SERPINB2	IGFBP7	VEGFA	IL15	IGFBP1	TNFRSF11B	ETS1	TIMP1	TNFRSF1B	ITGA2	IGF2R	SERPINE1	PLAT	EGF	CXCL12	IGFBP6	BHLHE40	ICAM1	ITPKA	FGF2	CSF2RB	IGFBP2	TIMP2	MMP12	PLAUR	MMP3	KITLG	FN1	HGF	FGF7	CSF2	CPE	IL1B	IGFBP3	ATF4	IL1A	GMFG	PTGES	MMP13	IL7	CXCL13	MMP1	ID1	TGFB1	IGFBP4	ETS2	CSF3	CCL20	IL13	IGFBP5	MMP2	AREG	CD9	IGF1	GEM	EREG	PECAM1	CXCL6	CD55	NGF	IFNG	TNFRSF1A	IL6																																																																																																																																																																																																																																																																																																																																																																																																																																																																																																																																																																																																																																																										
Senescence Associated Secretor Phenotype	Senescence Associated Secretor Phenotype	IL6	IL7	IL1A	IL1B	IL13	IL15	CXCL8	CXCL1	CXCL2	CXCL3	CCL8	CCL13	CCL3	CCL20	CCL16	CCL11	CCL26	CCL25	CXCL5	CCL1	CXCL11	CSF2	CSF3	IFNG	CXCL13	MIF	AREG	EREG	NRG1	EGF	FGF2	HGF	FGF7	VEGFA	ANG	KITLG	CXCL12	PIGF	NGF	IGFBP2	IGFBP3	IGFBP4	IGFBP6	IGFBP7	MMP1	MMP3	MMP10	MMP12	MMP13	MMP14	TIMP1	TIMP2	SERPINE1	SERPINB2	PLAT	PLAU	CTSB	ICAM1	ICAM3	TNFRSF11B	TNFRSF1A	TNFRSF10C	FAS	TNFRSF1B	PLAUR	IL6ST	EGFR	FN1	IL1A	IGFBP1	CXCL1	CXCL5	ICAM1	PTGES	MIF	HGF	ITGA2	CCL20	ANG	TNFRSF10B	CDKN1A	ID1	FAS	IL7	GMFG	GMFG	BHLHE40	CDKN2B	CD55	CD55	IGF2R	IGF1	PIGF	JUN	PECAM1	IGFBP6	IL15	ITPKA	ETS2	ATF4	CSF2	CCL3	ETS1	IGFBP7	CDKN1B	IGFBP3	GEM	IGFBP5	TIMP2	TGFB1	CSF2RB	CSF2RB	CPE	CD9	CXCL2	SERPINE1	IGF1	IGF2	IGF2R	IGFBP3	IGFBP5	IGFBP7	SERPINE1	TGFB1	IL1A	IL6	CXCL8	CXCR2	INHBA	AREG	ANG	AXL	FGF2	BMP2	BMP6	CCL1	CCL13	CCL16	CCL2	CCL3	CCL7	CCL8	CD9	CD55	CSF2	CSF2RB	CXCL1	CXCL5	EGFR	CXCL5	CCL26	EREG	ETS2	FAS	FGF7	FOLH1	GDF15	GEM	CSF2	GMFG	NRG1	HGF	ICAM1	ICAM3	IGF1	IGFBP1	IGFBP2	IGFBP6	IGF2R	IL1A	IL1B	IL13	IL15	IL6	IL7	INHA	IQGAP2	ITGA2	ITPKA	JUN	MIF	MMP1	MMP10	MMP2	MMP3	PPBP	TNFRSF11B	SERPINE1	PECAM1	PIGF	PTGES	RPS6KA5	TGFB1	TIMP2	PLAUR	VEGFA	VEGFC	WNT2																																																																																																																																																																																																																																																																																																																																																																																																																																																																																																																																	
Senescence_UP	Senescence_UP	DLGAP4	MYL9	ZSWIM3	TMED3	PITPNA	CYSTM1	SLC39A8	NDUFB11	PDCD6	RHBDD2	NDUFA11	BRK1	GNPTG	IL22RA1	CCNDBP1	IGF2BP3	ATP11A	SLC31A2	CETN2	NIPAL3	CCND1	TMED10	TSPAN4	DAB2	CD44	EXTL3	TAF1B	EVI5L	NDUFB8	DNAJC30	BCAP31	GNAI2	MGAT1	RPS27L	COQ10B	UQCR10	TCTA	CCNE2	UBL5	STUB1	CLPTM1L	SMPD1	MAP2K3	PIGS	MTPN	GPX1	PEX14	COX6B1	DDA1	SERPINB2	DAG1	IDS	CALD1	SERPINB7	TM9SF1	USP53	WDR83OS	HSPB6	C19orf25	ATN1	SYNPO2	IGFBP7	ABCA1	FIS1	SPCS1	ANKH	GAS6	PSMB9	DAGLB	JKAMP	DECR1	STOML1	NDFIP1	CFD	LYPLA2	DKK3	TSPAN13	NDUFS5	HIST1H2AB	HIST1H1C	SKP1	GLS	PRAF2	SCOC	AIF1	HMGCL	ATP6V0E1	SERINC3	TPD52L2	R3HDM4	NDUFA13	SFTPB	WNT5B	RPN2	WNT5A	RAB4B	RAB4B-EGLN2	TUSC2	PATL1	NAPA	STRADA	SF3B5	NCSTN	MYDGF	CNP	PLA2G15	SGIP1	VEZF1	CDC37	H2BFS	AGPAT1	WASL	IRGQ	SLC9A7	TMEM115	ZMAT3	ORMDL3	MYL12A	POLR2L	SEPTIN11	BTBD2	DCAF7	WIPI2	EML2	LRPAP1	SDF2	PNPLA2	KISS1	SCAMP2	ATP6AP1	GAS7	NDUFS4	RNF7	PTGES2	CAV1	CD151	GABARAPL2	NOMO2	NOMO1	NANS	COPS7A	AIG1	SHISA4	MRPS24	GIPC1	SLC35B2	CEP85	RAB5B	AKIP1	CIB1	TMCO1	MTCH2	ANKRD52	MFSD1	FBXO9	CAV2	RGS12	NFIA	TPRG1L	APLP1	DCTD	SLC25A20	LBH	TCP11L1	PEA15	MFSD11	ATP6V1G1	SYNGR1	GPAA1	TM2D3	TIMMDC1	PPP2R1A	BCL2L1	RRAS	NDUFA1	TAF13	CFAP20	CTSZ	COMMD5	DYNLT3	DYNC1H1	HAGH	RPS6KB2	ARF4	ATP6V0D1	RAB11FIP5	TMEM9B	CYHR1	MAPRE3	PSMA7	EID1	HM13	PINK1	DUSP6	MMP13	STRIP1	HACD1	TP53INP2	GDE1	SMDT1	DAD1	YARS	ISOC2	OAZ2	REEP5	MAP3K20	SLC44A2	MPC2	CAPNS1	SLC25A4	HIST1H2BJ	LMOD1	RGS5	ADIPOR1	TCF3	FEZ2	SLC16A2	PPIC	AK1	SEMA6A	ISCU	STX12	COX11	F3	MLF2	URM1	GLRX	DLEC1	TM2D2	CUX1	MTRES1	PRDX1	TMEM259	MMP24	FILIP1L	GNAI1	NUDCD3	DNAJB1	TMCO6	SLC20A2	AGRN	SERINC2	PMM1	NFAT5	NAAA	HIST2H2AA3	MPZL1	TM2D1	MYL6	CDIP1	PDXK	CD59	CYP24A1	ELOB	NR2C1	NOMO3	GUK1	SMURF2	CAP2	ITGA3	ETFB	WFDC1	TRADD	OLR1	ATP6V0C	GSTP1	NME4	TK2	RBMS2	COX6A1	TM7SF3	PRDX6	ABLIM1	SNORD89	SCN2B	TRIM33	CGGBP1	MAN1B1	PTPRD	KLK13	NECTIN2	DEGS1	PLIN3	KIF21A	SLC16A3	TRAPPC1	HSPB8	PERP	PRDX4	TGFB2	TMEM69	MGLL	KAT8	ATP6V0B	OAZ1	PDPK1	LIN7B	CYBA	SLC16A6	SHC1	SGCB	CLDN1	VAMP2	CASP7	DYNC1LI2	POMGNT1	TSPAN31	CITED2																																																																																																																																																																																																																																																																																																																																																																																																																			
SUVARNESS	SUVARness	FKBP9	F2R	FSTL1	PLPP3	NCKAP1	CTSC	WLS	PRRX1	MMP9	ITGAM	GPX8	SGPL1	SGK1	FKBP10	GAS1	SDC2	CDH2	CD274	FAM114A1	SNX7	XAF1	CD38																																																																																																																																																																																																																																																																																																																																																																																																																																																																																																																																																																																																																																																																																																																	
TIS down	TIS down	PCLAF	CENPE	KIF11	AURKB	CENPP	CCNB2	DEPDC1	PBK	SHCBP1	MKI67	SKA1	NUF2	ESCO2	LMNB1	CEP55	POLA1	NUSAP1	BUB1B	KIF18A	BUB1	CRIP1	MIS18BP1	UBE2C	TTK	NCAPD2	CCNA2	CDCA3	BIRC5	NEK2	KIF22	ECT2	NCAPG	KIF20A	E2F8	PLK1	GINS1	KIF23	LRR1	FIGNL1	RACGAP1	RBL1	FBXO5	ARHGAP19	CDCA8	NCAPG2	STMN1	GCAT	CENPK	SAPCD2	STIL	CIP2A	KNL1	TK1	RASGRP2	HMGB2	TPX2	HMGN5	POLH	FANCD2	SGO1	MND1	NRM	ESPL1	VPREB3	SERPINB1	BRCA1	CENPA	TRIP13	CDCA5	CDC6	MYBL2	TMPO	SPC24	CENPI	KIF20B	DSCC1	HIST1H2AL	RAD54B	HASPIN	DTL	RFC4	NCAPD3	NCAPH	FAM72A	LIG1	CHEK1	KIF2C	PLK4	CDKN3	AURKA	SPAG5	CCDC18	UHRF1	MELK	TOP2A	BORA	PRIM1	ACSS1	CCDC34	CENPW	CYP51A1	MAD2L1	CDCA7	STARD4	ATAD5	CDK1	AUNIP	NRXN1	SKP2	MCM5	NDC80	CENPS	HIRIP3	ABLIM1	C1orf112	POC1A	KIF4A	PARPBP	HAUS4	SELL	TRAIP	IDI1	SKA3	TACC3	ASPM	E2F7	HMMR	KNTC1	RAD51	RAD54L	CCNE2	DEPDC1B	DLGAP5	PEBP1	SMC4	CDCA2	GMNN	HMGB1	UBE2T	BRIP1	SYCE2	TMEM107	HMGB3	KIF18B	H2AFX	ERCC6L	CENPH	ACSL3	RAD51B	RRM2	CDC45	MCM8	PRC1	FDPS	NEIL3	RAD51AP1	CEP128	DNA2	SPC25	ZWILCH	HLA-E	CKAP2L	MBNL3	APOBEC2	HELLS	NSL1	MMS22L	ASF1B	POLD2	ENDOU	ELOVL6	TICRR	BLM	RRM1	WDHD1	BACH2	ANLN	CCNB1	SCD	OIP5	SELENOH	TIPIN	ARHGEF39	MCM10	CCNF	CHCHD10	BAMBI	EEF1A1	SCYL3	UNG	WDR76	MSH2	RNF26	CDC25B	CENPF	DSN1	TCF19	LBR	MNS1	LIN9	DNMT1	POLE2	CKS2	CDC25C	C4orf46	DUT	HJURP	NMRAL1	CENPL	DHFR	NUP37	NUP85	TFDP2	SMC6	RASSF6	CENPM	G2E3	DBF4	POLE	TRIM59	CKS1B	DNAJC9	DDB2	PSMC3IP	RPA2	DEK	MDM1	ORC1	SMC2	DCPS	PIMREG	ANKRD37	FOXM1	MCM4	PRIM2	SKA2	CIT	CENPN	VRK1	LARP1B	EME1	MIS18A	INCENP	MCM3	ALG6	RAD18	IMPA2	NASP	H2AFV	CENPQ	JADE1	MYL4	COX7A1	CD22	CYTIP	ARHGAP11A	MCM6	TOPBP1	CPSF2	HAUS1	PRR11	EZH2	KCNK5	HNRNPA1	POLD1	PRADC1	TIMELESS	NEMP2	HAUS5	SYDE2	USP1	NRARP	LSM5	DCTPP1																																																																																																																																																																																																																																																																																																																																																																																																																																																					
TIS up	TIS up	CXCL6	LCN2	MS4A6A	CALD1	MMP13	FKBP9	FN1	TM4SF1	AHNAK2	LOX	CTGF	EFEMP1	GRB10	ACOD1	CPE	MMP12	PTGS2	CXCL2	BGN	IL6	CTTN	CXCL3	F2R	PRSS23	KITLG	NID1	HMGA2	MS4A7	CLEC4D	SPP1	MMP8	EREG	FAM198B	LYZ	PRNP	CCL13	FPR1	SERPINH1	EMP1	CFP	PLIN2	FGF7	COL1A2	AXL	VASN	LPL	TIMP2	FBLN2	AK1	RPL39L	IL1RN	PCOLCE	CCL7	TNFAIP2	SPARC	IL1B	CRYAB	CAV1	PRKG2	OSMR	CD36	TIMP1	IFITM3	RTP4	ANXA8L1	ANXA8	ADGRE1	PLA2G7	PLS3	EPHX1	FSCN1	CAVIN2	MPEG1	ARMCX2	DCN	SLC25A24	COL1A1	RAI14	FYB1	NRN1	CCR1	USP18	CD34	ECM1	DLK1	THBS2	CEBPD	CLEC4E	THBS1	IFIT1B	FSTL1	MIR22HG	UGT1A6	C3	PLPP3	RSAD2	WWTR1	LILRB3	CTSD	MARCKS	ADAM8	IL1RL1	MDFIC	CLEC6A	CAVIN1	NCKAP1	PLOD2	CD300A	CCL3L3	PTX3	COL5A2	SERPINF1	PFN2	LOXL1	CD109	FCGR3A	FCGR3B	SERPINE1	IFI16	GBP2	CTSC	ANGPTL2	COL6A1	VCAN	IGFBP6	IL10	FOSL2	WLS	XDH	PRRX1	SPEG	EPB41L3	PROCR	MARCH1	KLF6	ZNF365	CD300LF	EFEMP2	S100A6	AIF1	SEMA3C	TCEAL8	FAT1	CD300LD	COL5A1	CSF2RB	CD68	PDGFRA	SIRPA	NEAT1	DUSP4	PHLDA3	ACKR3	PEA15	SQSTM1	MMP9	TNFRSF1B	DNASE1L1	ITGAM	EXT1	CYR61	ACTN1	MALAT1	PILRA	MMP2	TMEM140	FNDC3B	HCK	SLAMF9	IFIT3	FABP7	TSPAN17	CSF1	GREM2	TLR2	LHFPL6	VOPP1	ARHGAP24	S100A4	VSIR	LRP11	PLD4	MCUB	RGS1	CTSB	ACVR1	CAV2	FOXG1	EGR3	SERPINB6	APP	RHOB	AQP1	RBP1	P2RX4	OAF	ITGAL	ACTA2	COL4A5	COL6A3	FAM129B	HSPB8	SLC31A2	TNC	TGFBR3	FBLN5	PTGIR	SQOR	GHR	SULF2	FERMT2	ATP6V0A1	STX3	CTSV	P2RY6	CCR5	GPX8	TPM2	AKAP2	CA13	PTPRE	LAMB1	CPNE2	GNS	LGALS3BP	ITPRIPL2	RHOC	SIRPB1	UGT1A10	UGT1A8	UGT1A7	UGT1A9	SGPL1	SLFN13	ATP11A	LRP1	NQO1	TCIM	TMEM45A	ZYX	ZFAND2A	MMP14	LMNA	SOAT1	AMPD3	RIN2	MYO1F	MET	TRAF1	TDRD7	PKD2	PLK2	THY1	EGR2	CYTH4	SGK1	PLXNA1	CYBB	SLC11A1	RAB34	PDPN	PLTP	CELF5	SLC15A3	RNF11	AEBP1	ZNFX1	DUSP1	METRNL	PIK3R3	KLF4	RAB31	IKBKE	FKBP10	LURAP1L	NRP1	SEPT8	ANTXR2	PLEKHO2	TP53INP2	SPECC1	ZBP1	LIF	ID1	GSTM5	AOAH	TMEM86A	NDRG4	HMOX1	DPP7	PCDH7	C20orf194	SRXN1	GAS1	CHI3L1	STEAP2	RND3	SEZ6L2	DEGS1	SDC2	IRF7	PALLD	SLC37A2	CSTB	CDH2	CSF2RA	PDK4	GPR35	CYB5R3	ANKRD1	OPTN	ATF3	CD274	LPAR1	GSTO2	PILRB	APBB2	MGST1	CPEB4	RAB7B	MDM2	MEG3	SLC6A8	AKR1B10	CDKN1A	FAM114A1	CLMP	ENO2	SNX7	POR	DHRS3	IMPACT	TNF	GAS2L1	SLC6A12	CPQ	RHOU	GRN	FGFR1	MX1	TJP1	C11orf88	SOCS5	FCGR2A	FLNA	CMTM3	ANKH	NPDC1	GAB2	P4HA2	COX6B2	GJC1	TAX1BP3	UCHL1	LY96	NAGK	CCDC80	CYP2C18	PDGFC	RIN1	ANXA5	CNDP2	FEZ1	FAS	RNF149	FAM20C	SLIT2	PTGFRN	TPP1	PLB1	ATP6V0C	HIST1H2BI	XAF1	PSEN2	LTBP2	ZBTB4	P3H4	CD80	GSN	ST3GAL2	ASB2	ARL8A	NAB2	ZSWIM8	TRIP6	SELENOP	JDP2	LPP	MYO1B	NPR2	PCDH19	GSAP	CD38	MSR1	SLC43A2	LACC1	IGF2R	DUBR	TRAFD1	MAP4K3	UGDH	OAS2	CLCN7	PTGIS	SAMD4A	MAGED1	CORO1B	CEBPB	IL1A	LST1	GLA	PBXIP1	RUNX2	ETS2	EMP2	B3GALNT1	ALDH3A1	CAPN2	SLC4A2	COL8A1	SBNO2	MFAP5	VGLL3	TBC1D9	AP1S2	PLEK	IL18	GBA	P2RX7	SLC41A2																																																																																																																																																																																																																																																																																									
FRIDMAN_SENESCENCE_DN	> Genes down-regulated in senescent cells.	ALDH1A1	BMI1	CCN4	CCNB1	CDC25B	CKS1BP7	COL3A1	E2F4	EGR1	ID1	LAMA1	LDB2	MARCKS																																																																																																																																																																																																																																																																																																																																																																																																																																																																																																																																																																																																																																																																																																																										
FRIDMAN_SENESCENCE_UP	> Genes up-regulated in senescent cells.	AC034102.1	ALDH1A3	AOPEP	CCN2	CCND1	CD44	CDKN1A	CDKN1C	CDKN2A	CDKN2B	CDKN2D	CITED2	CLTB	COL1A2	CREG1	CRYAB	CXCL14	CYP1B1	EIF2S2	ESM1	F3	FILIP1L	FN1	GSN	GUK1	HBS1L	HPS5	HSPA2	HTATIP2	IFI16	IFNG	IGFBP1	IGFBP2	IGFBP3	IGFBP4	IGFBP5	IGFBP6	IGFBP7	IGSF3	ING1	IRF5	IRF7	ISG15	MAP1LC3B	MAP2K3	MDM2	MMP1	NDN	NME2	NRG1	OPTN	PEA15	RAB13	RAB31	RABGGTA	RAC1	RBL2	RGL2	RHOB	RRAS	S100A11	SERPINB2	SERPINE1	SMPD1	SMURF2	SOD1	SPARC	STAT1	TES	TFAP2A	TGFB1I1	THBS1	TNFAIP2	TNFAIP3	TP53	TSPYL5	VIM																																																																																																																																																																																																																																																																																																																																																																																																																																																																																																																																																																																																																																																										
Genes downregulated in Ras-induced senescnce	Genes downregulated in Ras-induced senescnce	BARD1	FOXM1	PLK4	NDC80	SELENOP	CDC45	CDCA8	COL15A1	TACC3	KIF20A	EFEMP1	DCN	HELLS	GPRC5A	ZMYM2	GINS2	KCNK2	LMOD1	PRC1	NCAPH	NUSAP1	BUB1	TOP2A	BIRC5	SHCBP1	CDC25A	FBXO5	HMGB2	MCM5	ASPM	COL3A1	NCAPG	PBK	PTN	ABCC3	BUB1B	CDK1	GTSE1	WDHD1	CENPE	MCM10	IMPA2	CCNE2	HMMR	FBLN1	RASA4	TTK	C1R	C1R	EDNRA	EDNRB	MFAP4	CRLF1	CSDC2	BTN3A3	DLGAP5	KIF11	KIF4A	TRO	BST1	GPR161	KIF23	YIPF3	MPHOSPH9	EXOSC9	CYTL1	DDX11	RRM2	ARHGAP19	CXCL12	FANCA	NR5A2	TMSB15A	CDC6	CENPF	PLXND1	CDC20	SIX1	ZFPM2	PRG1	COL1A2	ELF4	FST	NEK2	POLE2	CASP1	FGL2	NEDD9	PRRX2	SMC4	CDH6	COL1A1	CUEDC1	DZIP3	GMNN	LBH	MYBL1	CDC25C	RAD51AP1	SV2A	TYMS	APOBEC3B	CDKN3	CNN1	FZD2	P3H2	LRRN3	MCM6	MT1JP	NUDT1	RUFY2	CCNA2	DKK1	FLOT1	PIGN	GNRH1	CHAF1A	GBP1	LCAT	MELK	NADSYN1	RACGAP1	TEK	CDCA3	AURKB	COL14A1	ID3	LIN7A	LMNB1	RFC4	TMEM47	ZNF395	LUM	POLQ	SGCD	NSD2	CCNB2	ITPR3	MDK	RECQL4	RFC3	TAGLN	MATN2	SOCS2	ACTG2	COL5A2	EPAS1	TCF21	TK1	KIF2C	POLA1	RBL1	RECK	CHL1	TPX2	CSRP2	CD302	MCM2	RPS6KA2	USP1	CCNB1	CCNB1	E2F1	CENPI	ID4	SPC25	CDH2	CDK10	CDKN1C	FZD7	MYH10	TRIM34	IGF1R	BRCA2	CALD1	MCM4	NASP	PLCB4	PTGS1	NIPBL	KIT	NR4A2	PSIP1	RASSF2	ADARB1	CDKN2C	RRM1	ATP9A	BRIP1	EZH2	FEN1	KNTC1	MATN3	PAWR	PDGFD	SNAP25	WFDC1	ZWINT	VCAN	EDIL3	EFS	MCM7	NETO2	TCEA2	TNFSF4	TRAF5	CENPA	ADGRA2	KIF15	PTGER2	RAD51	EPB41L2	GOLM1	KIF14	PLPPR4	SPAG5	ATAD2	C1S	C1S	DEPDC1	DLEU2	FANCG	MYOF	HGF	HSD17B2	MYBL2	NR2F1	PLK1	PTTG1	RFC5	SDC2	ACTA2	EPS8	H2AFY2	ID2	MAD2L1	MCAM	TNC	ADAMTS5	EXOSC8	GSTM4	LTBP1	SERPINH1	IFT122	AK5	AKR1C1	ASF1B	CYBRD1	APPL2	DUT	MCM3	NQO2	PDCD1LG2	PDGFRB	PTTG2	TRIP13	ARHGAP11A	DONSON	EWSR1	PMEL	SYNJ2	ZNF532	NMI	PBX1	AXL	BRCA1	CDT1	COMMD4	ELN	FGF7	FSTL3	MEIS1	HACD1	SCARA3	UBE2C	CASP8AP2	CHEK1	FAT4	GLUL	ITGB3BP	LBR	MET	OSGEPL1	PRIM1	RELN	RPL39L	SGK1	SLC1A4	SLC23A2	TCF4	SPEG	BCCIP	DPYSL3	MYLK	NLRP1	CLU	KISS1	KLF4	PLPP3	PXMP2	SEC24D	TPM1	BTG3	CTSC	CYR61	GAS6	GPSM2	HDAC5	HMGN2	HNRNPH3	LOXL1	LTBP4	POLD3	SCG2	SGCE	SGK3	XRCC4	COL18A1	HADH	TTF2	LPGAT1	FGF1	TMEM176A	KDELR2	PDLIM5	NUP155	PCNA	PLCB1	RAD54B	VAMP5	ABHD3	AMIGO2	APBA2	ATP2A2	DERA	COL16A1	CTGF	DEK	FARP1	FBN2	GCAT	GYG2	IDH2	LMO7	MSH6	NDN	TENM1	RNASEH2A	SFPQ	HLTF	TES	ANO1	FNBP1L	WEE1	ARID5B	BDNF	CDC7	DCK	DDAH2	DHFR	FANCL	HNRNPA3P1	IFITM1	IGFBP3	IL15	MMD	MRPL23	ORC6	PRPS1	RAB23	TNS1	TRA2A	EZR	ZFP36L2	ALMS1	FLNC	LIG1	LMNA	KIF20B	SLC39A8	SLC7A11	SNX7	ZBTB20	ATP10A	AUTS2	CKAP2	DNA2	FGFR1	G6PD	LOX	PRKD1	RAPGEF2	SOX11	SPARC	U2SURP	STMN1	TREX2	ERAP1	CDC14B	FOXN3	NCAPD2	CRYAB	SMC3	DGKI	FLNA	GLI2	HHEX	HMGB1	KLF2	NR1D2	OXCT1	NUP85	FERMT2	QKI	FAM208A	SDC3	SKP2	TOPBP1	PATZ1	ACAA2	ALCAM	DBF4	LPAR1	HMGB3	ID1	IL1R1	NUCB2	PDGFRA	PHGDH	POLA2	LONP1	RPA3	SLC4A4	SOX4	TCF3	TGFB1I1	TIMELESS	TLE4	TMPO	USP13	ADAMTS1	ALDH3B1	ARG2	ARHGEF10	B4GALT4	CDH11	COL4A1	COL4A2	COL5A1	CREB3L1	CRIM1	FBN1	FKBP11	GADD45B	H2AFV	HEG1	NPR3	PLSCR1	AURKA	TRIM5	TRIM5	U2AF1	ZNF22	AMOTL2	ANKRD28	MANF	ATP10D	CKS1B	CSE1L	RCAN1	EFEMP2	EHD2	IL11RA	IL11RA	IL11RA	IL11RA	IL11RA	MAN1C1	NEXN	NID1	C17orf75	NNMT	NQO1	NUP107	PDGFRL	PRDX6	PRIM2	SDCCAG8	SYNE1	TGFB1	TUBGCP3	SEPT6	PDS5B	ATP2B4	CDKN1B	COL7A1	HSD17B11	DSP	GREM1	GRSF1	GUSB	MAGED4	MRE11	MSH2	NNT	NUP37	NUP62	JADE1	RAB27A	RBM12	RBMX	TSPAN31	SEC31A	SERPING1	SMC2	TNFAIP8	H2AFX	PRRX1	SYNGR1	ALDH2	CAPRIN2	CDC25B	DCLRE1C	DNAJC9	DNMT1	DOCK10	DUSP10	ENPP2	FH	FOSL1	HNRNPA1	HNRNPD	HNRNPDL	HSPB1	ILF3	ITGA4	KCNMA1	KIF13A	MOXD1	NRAS	DCHS1	PIR	PRKAR2B	ALDH18A1	RERE	SALL1	SEMA3A	SERPINE1	SETMAR	SRSF7	SLC38A2	STAG1	TBX2	TCIRG1	XIST	ZDHHC13																																																																																																																																																											
REACTOME_CELLULAR_SENESCENCE	> Cellular Senescence	ACD	AGO1	AGO3	AGO4	AL096870.1	ANAPC1	ANAPC10	ANAPC11	ANAPC15	ANAPC16	ANAPC2	ANAPC4	ANAPC5	ANAPC7	ASF1A	ATM	BMI1	CABIN1	CBX2	CBX4	CBX6	CBX8	CCNA1	CCNA2	CCNE1	CCNE2	CDC16	CDC23	CDC26	CDC27	CDK2	CDK4	CDK6	CDKN1A	CDKN1B	CDKN2A	CDKN2B	CDKN2C	CDKN2D	CEBPB	CXCL8	E2F1	E2F2	E2F3	EED	EHMT1	EHMT2	EP400	ERF	ETS1	ETS2	EZH2	FOS	FZR1	H1F0	H2AFB1	H2AFJ	H2AFV	H2AFX	H2AFZ	H2BFS	H3F3A	H3F3B	HIRA	HIST1H1A	HIST1H1B	HIST1H1C	HIST1H1D	HIST1H1E	HIST1H2AB	HIST1H2AC	HIST1H2AD	HIST1H2AE	HIST1H2AJ	HIST1H2BA	HIST1H2BB	HIST1H2BC	HIST1H2BD	HIST1H2BE	HIST1H2BF	HIST1H2BG	HIST1H2BH	HIST1H2BI	HIST1H2BJ	HIST1H2BK	HIST1H2BL	HIST1H2BM	HIST1H2BN	HIST1H2BO	HIST1H3A	HIST1H3D	HIST1H3E	HIST1H3F	HIST1H3G	HIST1H3H	HIST1H3I	HIST1H3J	HIST1H4A	HIST1H4B	HIST1H4C	HIST1H4D	HIST1H4E	HIST1H4F	HIST1H4H	HIST1H4I	HIST1H4J	HIST1H4K	HIST1H4L	HIST2H2AA3	HIST2H2AA4	HIST2H2AC	HIST2H2BE	HIST2H3A	HIST2H3C	HIST2H3D	HIST2H4A	HIST2H4B	HIST3H2BB	HIST3H3	HIST4H4	HMGA1	HMGA2	ID1	IFNB1	IGFBP7	IL1A	IL6	JUN	KAT5	KDM6B	LMNB1	MAP2K3	MAP2K4	MAP2K6	MAP2K7	MAP3K5	MAP4K4	MAPK1	MAPK10	MAPK11	MAPK14	MAPK3	MAPK7	MAPK8	MAPK9	MAPKAPK2	MAPKAPK3	MAPKAPK5	MDM2	MDM4	MINK1	MIR24-1	MIR24-2	MOV10	MRE11	NBN	NFKB1	PHC1	PHC2	PHC3	POT1	RAD50	RB1	RBBP4	RBBP7	RELA	RING1	RNF2	RPS27A	RPS6KA1	RPS6KA2	RPS6KA3	SCMH1	SP1	STAT3	SUZ12	TERF1	TERF2	TERF2IP	TFDP1	TFDP2	TNIK	TNRC6A	TNRC6B	TNRC6C	TP53	TXN	UBA52	UBB	UBC	UBE2C	UBE2D1	UBE2E1	UBN1																																																																																																																																																																																																																																																																																																																																																																																																																																																																																																																																					
ATSC	ATSC	LYSMD3	P3H4	LGALSL	FAM101B	FAM134B	PPP1R18	TMEM246	RILPL1	LIMCH1	ITIH5	C11orf54	TXNDC16	PRKCE	BACH1	MEDAG	Zdbf2	C19orf66	CREBRF	MPRIP	ABCA1	ABCB1	ABCC1	ABCG1	ABCG2	ABHD8	ABL1	ACOT1	ACOX1	ACTN1	ACTR3B	ADAMTS1	ADARB1	ADCY6	ADCY9	ADM	ADRB2	AFF4	AGTR2	AHRR	AIM1	AK1	AKTIP	ALCAM	ALDOC	AMPD3	ANKH	ANK3	ANTXR2	AOC3	APOBR	APOE	APP	ARHGAP4	ARHGAP6	ARHGEF10	ARHGEF5	ARL3	ARMCX2	ARMCX4	ARPC1B	ASAH2	ASH1L	ASTN1	ATF3	ATP2A2	B2M	BAG3	BARX2	BASP1	BDNF	BEX1	BEX4	BGN	BHLHE40	NACC2	BTG2	BTG3	FAM132A	C1R	CACNA2D1	CACNA2D2	CADM1	CALD1	CAMK2B	CAND2	CAPN2	CAPRIN2	CASP12	CASP4	CASQ2	CAV1	CBFA2T3	CBR3	CBX4	CCL11	CCL3L3	CCL5	CCL7	CCND1	CD200	CD209	CD244	CD27	CD34	CD40	ADGRE5	CDH2	CDKN1A	CDKN1C	CEBPB	CEBPD	CELSR3	CHRNB1	CIDEA	CISH	CITED2	CLCA1	CLEC7A	CLIC4	CLK1	CMTM8	CNN2	CNN3	CNTN1	COL11A1	COL18A1	COL1A1	COL4A1	COL4A2	COL6A1	COL9A3	COMT	CR2	CRIM1	CRIP1	CSF2	CSF2RA	CTGF	CTSF	CTSZ	CXCL12	CXCL14	CXCL3	CXXC5	CYP1B1	CYP4V2	CYP7B1	CYR61	NREP	ESYT3	DAB2	DAB2IP	DAPK2	DAPP1	DBNDD2	DBP	DCUN1D1	DDIT3	DDIT4	DGKA	DGKG	DIP2C	DKK3	DLC1	DLG3	DMD	DNAJB2	DNAJB4	DNAJB9	DNMT3B	DNTT	DOCK7	DPT	RCAN2	RCAN3	DST	DTD1	DUSP1	DUSP2	DUSP4	DUSP8	DYNLL2	EBI3	LPAR3	EFNB2	EGR2	EHF	EIF1	ELL2	ELOVL5	ELOVL6	ADGRL4	EMB	EMP1	ADGRE1	ENAH	ENG	ENTPD1	EPB41L4B	EPHA5	EPHA7	EPHB3	EPS8	ERRFI1	ESAM	ETNK1	ETS2	EVL	EYA2	F2R	F2RL3	F3	FBLN2	FGF1	FGF17	FHL1	FKBP7	FKBP9	FLNB	FLOT1	FLT3	FN1	FNTB	FOS	FOSB	FOXA1	FOXA3	FOXC1	FOXN1	FOXP1	FOXQ1	FRMD6	FSTL1	FYN	FZD2	GABARAPL1	GABBR1	GABRA3	GABRG1	GABRR1	GADD45G	GATA2	GATA3	GATM	GBP2	GCAT	GCH1	GEM	GJA1	GJE1	GKAP1	GLIS2	GLRA3	GLUL	GNAQ	GNB5	GNGT2	GNRHR	HCAR2	ADGRA3	ADGRD1	ADGRG1	GPR65	GPRC5B	GPX7	GRASP	GREM1	GRIA2	GRIA3	GRID1	GRIK1	ARHGAP32	ARHGAP35	GSX1	GSTA4	GSTK1	HLA-DMA	HLA-A	HBEGF	HDAC11	HLF	HLX	HMG20A	HNF4A	HOMER2	HOXA10	HOXA2	HOXA3	HOXA5	HOXA9	HOXC4	HPGD	RIDA	HSPA1A	HSPA1B	HSPA1B	HSPA2	HSPB8	HTR2C	HTRA1	ICAM1	ICK	ID1	ID2	ID4	IER2	IER3	IFI16	IFI44	IFIH1	IFIT1B	IFITM3	IFNG	IFNGR1	IGF2R	IGFBP3	IGFBP5	IGFBP7	IGSF10	IL10RB	IL11RA	IL15	IL18	IL18R1	IL1B	IL1R1	IL2RA	IL6	IMPACT	PATJ	INHBB	INVS	IRF6	IRF7	ISG15	ITGAE	ITGB5	ITM2A	ITM2C	ITSN1	JAK1	TAF1D	JUN	JUNB	JUND	KAZALD1	KCNA1	KCNA2	KCND2	KCNK2	KCNMA1	KDELR3	KHDRBS3	KITLG	KLF10	KLF2	KLF4	KLF6	KLF9	KLK8	KLRB1	KLRG1	KRBA1	KRT6B	KTN1	L1CAM	LAMA2	LAMB1	LAMC1	LARGE	CERS4	LATS2	P3H3	LGALS1	LGALS3BP	LGR5	LHFP	LILRB3	LMO2	LPIN1	LPP	LRP4	LRRC8A	LRRFIP1	LSM14B	LSP1	LST1	LTB	LTBP1	LTBP2	LTBP3	LY75	MAGED1	MAGI2	MAN1A1	MARCKS	MARCKSL1	MATN2	MCOLN2	MDFIC	MEF2A	MEIS1	MFGE8	MFNG	MGST1	MITF	KMT2A	KMT2E	MLLT3	MMP17	MOXD1	MPDZ	MPL	MPZL1	MRPL52	MSI2	MSN	MAP7	MUC13	MUC4	MYADM	MYCN	PPP1R15A	MYH3	MYL9	MYLK	MYO1B	MYO5C	MYOC	NAB2	NAP1L3	NAV1	NBEA	NBEAL2	NCAM1	NCAM2	NCKAP1	NCR1	NDN	NDRG2	NDRG1	NEDD9	NFIB	NFIX	NFKBIA	NFKBIZ	SLC9B2	NICN1	NID1	NID2	NIPSNAP1	NKX2-3	NKX3-1	NPTXR	NPY2R	NR2F1	NR4A1	NR4A2	NR5A1	NRCAM	NRIP1	NRK	HMP19	NUPR1	TENM1	TENM2	OSBPL1A	P2RX4	P2RY14	PACSIN1	PADI4	PAIP2B	ADIPOR1	PBX1	PBX3	PBXIP1	PCDHB15	PCK2	PCLO	PCP4L1	PDE2A	PDE8A	PDGFA	PDLIM2	PDLIM3	PDRG1	PEG3	PER1	PEX11A	PFN2	CPQ	PGLYRP2	PHC1	PHF13	PHLDA1	PHLDA2	PHLDB2	PHLPP1	PHTF2	PIGR	PIK3C2G	PKD2	PKIA	PLEK	PLEKHA5	FERMT2	PLK2	PLS3	PLXDC2	PLXNA2	PMP22	PNRC1	POSTN	PLPP1	PLPP3	PPFIBP2	PPIC	PPP1R13B	PPP1R9A	PQLC3	PRDM5	PRKACB	PRKCB	PRKCDBP	PRKCQ	PROCR	PRSS23	PTGER3	PTGER4	PTGS2	PTH	PTN	PTOV1	PTPN12	PTPN21	PTPRCAP	PTPRK	PTTG1IP	PURA	PXDN	PYGM	RAB11FIP5	RAB20	RAB27A	RAB34	RAB38	RABEP1	RAI1	RAI14	RAMP3	RASD1	RASL10A	RBP1	RBPMS	RC3H2	REEP3	RELB	RELN	REST	RGS18	RGS2	RGS4	RGS5	RHOB	RHOQ	RHOU	ROBO1	RORA	RRAD	RRAS	RRBP1	RYR2	S100A1	S100A13	S100A4	S100A6	SARDH	SASH1	SCG5	SCN1B	SDC1	SDPR	SELP	SEMA3E	SENP6	SERPINE1	SERPINF1	SERPINH1	SERTAD1	SESN1	SFRP1	SGCE	SH3GLB1	SHANK3	SIRT3	SKI	SLC12A2	SLC1A1	SLC35E4	SLC39A8	SLC3A2	SLC41A1	SLC6A15	SLC6A6	SLC8A1	SLCO3A1	SLURP1	SMAD1	SMAD7	SMARCA2	SMOC2	SNX10	SNX30	SOCS2	SOCS3	SORCS2	SORL1	SOX4	SOX6	SPARC	SPIC	SPON1	SSBP2	STAC	STAT4	STBD1	STK10	STK17B	STMN3	STXBP1	SYNPO	SYT4	SYTL4	TAC1	TAGLN	TAGLN3	TAL1	TBR1	TBX1	TCF4	TFAP2B	TEK	TEKT2	TES	TESK1	TGIF2	TGM2	THBS1	THBS4	THSD1	TIE1	TIMP3	TINAGL1	TLE1	TMBIM1	TMEM176A	TMEM176B	SARAF	TMEM98	PMEPA1	TNC	TNFAIP6	TNFRSF11B	TOB1	TPD52L1	TPM1	TPST1	TRAF1	TRIB3	TRIM32	TRIM44	TRIM47	TP53BP1	TP53I11	TRPC6	TSC22D1	TSPAN4	TSPAN6	TTC28	TTC3	TTPA	TUBB6	TXN	UBE2E2	UGDH	UNC5C	USP2	VCAM1	VDR	VLDLR	VNN1	VWF	TCEAL9	WDR78	YES1	ZBTB20	ZEB1	ZFP1	ZNF275	ZFP30	ZNF519	ZNF503	ZNF521	ZNF23	ZFP90	ZFPM1	ZKSCAN1	ZMYM4	ZMYM6	ZMYND11	ZRSR1
Genes up-regulated in replicative senescent fibroblasts	Genes up-regulated in replicative senescent fibroblasts	PNPLA2	NME4	CNP	RPS6KB2	TK2	ISCU	TAF13	CD151	TSPAN4	GLRX	MAN1B1	SLC25A20	ZMAT3	KISS1	DYNC1LI2	ZMAT3	GAS6	AGRN	TPRG1L	PEX14	PINK1	LYPLA2	HMGCL	IL22RA1	NIPAL3	CEP85	ZNF683	STX12	NDUFS5	SERINC2	YARS	ATP6V0B	PRDX1	TMEM69	POMGNT1	NFIA	TM2D1	SGIP1	F3	STRIP1	FAM212B	S100A11	SHC1	HIST2H2BE	HIST2H2AA3	PEA15	NCSTN	RGS5	TMCO1	MPZL1	MPC2	PRDX6	ADIPOR1	LMOD1	SHISA4	TGFB2	DEGS1	GUK1	TAF1B	MAPRE3	LBH	FEZ2	RAB11FIP5	SFTPB	SNORD89	GPAA1	CYTOR	MAP3K20	GLS	COQ10B	BRK1	DLEC1	GPX1	DAG1	TCTA	TMEM115	TUSC2	GNAI2	SPCS1	WNT5A	ARF4	CGGBP1	FILIP1L	TIMMDC1	MGLL	SKP1	RNF7	MFSD1	CLDN1	LRPAP1	RGS12	SGCB	IGFBP7	SEPT11	NAAA	SLC39A8	CAMK2D	SYNPO2	USP53	SCOC	DCTD	SLC25A4	PDCD6	CLPTM1L	ANKH	DAB2	NDUFS4	REEP5	SEMA6A	PPIC	TMCO6	CYSTM1	NDFIP1	ADAM19	ATP6V0E1	MGAT1	CAP2	HIST1H1C	HIST1H2BC	HIST1H2AC	HIST1H2BD	HIST1H4H	HIST1H2BJ	HIST1H2BK	HIST1H2BL	AIF1	AGPAT1	PSMB9	COX6A1	FBXO9	SLC35B2	FBXO9	C6orf203	PERP	CITED2	AIG1	SF3B5	WIPI2	DAGLB	TSPAN13	IGF2BP3	MRPS24	NUDCD3	DNAJC30	RHBDD2	GNAI1	TP53TG1	FIS1	CUX1	CAV2	CAV1	WASL	CALD1	MTPN	LOC100507507	TNFRSF10C	EXTL3	TM2D2	SLC20A2	CCNE2	DECR1	CYHR1	COMMD5	PTPRD	NANS	NIPSNAP3A	ABCA1	SLC31A2	ATP6V1G1	AK1	PTGES2	URM1	HACD1	POLR2L	NDUFB8	CASP7	ABLIM1	SMPD1	AKIP1	TMEM9B	DKK3	TCP11L1	CD59	CD44	MTCH2	PATL1	GSTP1	CCND1	MMP13	SCN2B	WNT5B	MLF2	COPS7A	ATN1	OLR1	TM7SF3	KIF21A	RBMS2	RBMS2	ANKRD52	MYL6	RAB5B	TSPAN31	DUSP6	NR2C1	TRIM33	HSPB8	ATP11A	DAD1	TM9SF1	JKAMP	TMED10	IFI27L1	DYNC1H1	CCNDBP1	EID1	RPS27L	OAZ2	STOML1	SCAMP2	TMED3	CIB1	TM2D3	NOMO2	GDE1	CDIP1	STUB1	GNPTG	HAGH	ATP6V0C	PDPK1	ELOB	KAT8	MT1B	CFAP20	PLA2G15	GABARAPL2	NFAT5	TRADD	ATP6V0D1	WFDC1	CYBA	PITPNA	VAMP2	TRAPPC1	MAP2K3	GAS7	PIGS	SDF2	ORMDL3	DUSP3	DCAF7	STRADA	WFDC21P	COX11	VEZF1	ITGA3	SMURF2	SLC16A6	MFSD11	SLC16A3	MYL12B	LOC104968399	LINC00667	SERPINB7	SERPINB2	CFD	R3HDM4	TMEM259	C19orf25	TCF3	BTBD2	OAZ1	MYDGF	PLIN3	NDUFA11	EVI5L	UBL5	FDX1L	CDC37	SLC44A2	WDR83OS	GIPC1	DNAJB1	DDA1	DDA1	NDUFA13	COX6B1	HSPB6	APLP1	CAPNS1	RAB4B	PSG10P	PSG1	PSG5	IRGQ	NECTIN2	EML2	NAPA	LIN7B	RRAS	KLK13	ETFB	PPP2R1A	ISOC2	HM13	BCL2L1	TP53INP2	MMP24	MMP24	DLGAP4	MYL9	C20orf24	RPN2	SERINC3	SERINC3	ZSWIM3	CYP24A1	CTSZ	PSMA7	TPD52L2	PDXK	DGCR6L	UQCR10	SYNGR1	PMM1	SMDT1	PRDX4	DYNLT3	SLC9A7	NDUFB11	PRAF2	SLC16A2	NDUFA1	RTL8C	IDS	CETN2	BCAP31	ATP6AP1																																																																																																																																																																																																																																																																																																																																																																																				
Genes upregulated in Ras-induced senescence	Genes upregulated in Ras-induced senescence	CXCL5	CCL20	CST1	IL1A	IL1B	CXCL3	SERPINB3	MYO1D	TNFSF15	DUSP4	GABRA2	COL10A1	DKK2	VNN1	CXCL2	CSF3	LINC00302	EHF	CYP26B1	GDF15	CYP3A7	NRG1	CCL3	PMS2P1	TSGA10	LCE2B	CSF2	ANGPT2	CPE	QPCT	CDKN2B	L1CAM	RNF128	SLC6A15	HIST1H2BC	TIE1	CXCL8	SLC16A6	CES1	OTUB2	RRAD	PTGS2	CYP3A43	RGS5	SAA1	SAA1	IL1RAPL1	MYOZ2	NR4A3	EPN2	SERPINA1	SERPINA1	SERPINA1	SERPINA1	SERPINA1	CHST11	CHST2	PPBP	CTSS	HIST1H4H	ACPP	THBD	KYNU	SGCG	PDE4B	TNFRSF10D	TAGLN3	EREG	ENC1	NEFL	IQGAP2	KLHL24	SAT1	NDP	F2RL1	CAMK1G	MMP3	SERPINB2	CXCR4	BIRC3	DUSP6	HIST2H2AA3	HIST2H2AA3	G0S2	FKBP1A	SERPINB7	LPXN	HIST1H2AE	PRSS2	CLGN	SERPIND1	DPP4	PRSS3	PRSS3	RAC2	FLRT3	KCNJ15	TNFRSF10B	ESM1	SCG5	FLT1	ANGPTL4	CRCT1	BMP2	ARHGAP25	CD69	DIO2	HIST1H2BG	IL6	HIST2H2BE	AMPD3	SERPINI1	INHBA	MMP12	ICAM1	CST2	MME	HIST1H2AC	CSTA	CSTA	CSTA	GLS	TGM2	SPP1	ANK3	APLP1	GAS2L1	CPM	HIST1H3D	CYP3A5	CYP3A5	CYP3A5	CYP3A5	CYP3A5	CXCL6	STC1	CDKN1A	NABP2	HPCAL1	GPR183	LGALS8	LIF	NAMPT	LPIN1	SNCA	GCH1	MSMO1	GMFG	GMFG	FAH	IER3	DUSP3	MCL1	KCNN2	CD58	HRAS	TAF13	STEAP1	SH3BGR	IDS	ALDH3A2	DCSTAMP	CLDN1	LAMB4	PTX3	TNFAIP3	ARHGDIB	ZNF432	CHRNA1	IGFBP5	CST3	PDLIM4	GAL	NAB1	SERPINB8	CXADR	BPGM	PODXL	MAFF	SLC2A6	HIST1H2BD	NEFM	SH2B3	CSGALNACT2	PLEK2	CDCP1	SQOR	USP12	CDKN2A	HDAC9	HK2	TRIB1	BNIP3L	BNIP3L	FAM162A	CACNA2D3	DUSP5	SLC9A1	FGF2	EDN1	STX3	RNF19B	ATP6V1C1	CTSK	HIST3H2A	NRIP3	RALA	CDK17	ALAS1	GFPT2	SLC31A2	QPRT	NFKBIE	GM2A	SPRED2	FDFT1	ARHGAP6	TFAP2C	NFE2L3	MKLN1	APOD	MAP1LC3B	HIST1H2BM	LNPEP	COLEC10	SPRY2	ARHGAP29	PCDH9	EXOSC4	ACSL5	KIF3A	HIST1H2BK	DDX10	PROCR	LYPLA1	HCLS1	SLC20A1	PNP	PNP	JUP	PTPRE	ZMAT3	C1GALT1	RNASET2	RNASET2	PTPN12	PLD1	PRF1	DOCK9	MOAP1	SP140	BCL2L1	CRLF3	BTN2A2	RAB3A	PLK3	CXCL10	NDST2	LAPTM5	CTSB	CCPG1	SLCO4A1	ZNF226	PHLDA1	ST13	CLEC2B	ADGRE2	HSPA4L	ANPEP	BHLHE40	CHST5	CRYBG1	SCO2	PLK2	PI3	GALNT4	ALDH8A1	MAP1S	PELI1	TSC22D1	ITGB5	RAB36	CORO2B	SQLE	NUMB	CYP1A1	OSMR	AGTR1	SEMA3C	RBP1	FAM8A1	SP100	SVIL	MXI1	BLZF1	SEMA6D	TM6SF1	DDA1	PRKD3	CYP51A1	PVR	IVL	LRRC15	CASP8	PCNX1	PXN	SLC43A3	KCNJ2	EGR3	PDZK1	SNPH	DOCK4	CA12	HMGCR	ETNK1	EGLN1	ZNF557	OGFRL1	RAB29	PSENEN	MKNK2	MMP14	RRN3	SQSTM1	EPB41L1	MRPS12	NEU1	TNIP1	SLC14A1	HMGCS1	HSD11B1	AREG	NFYA	ST3GAL5	SCARB1	DHCR7	SLC35F2	RHBDF1	MRS2	AP1G1	COX11	PIGB	KCTD12	VEGFA	TANK	MAPK13	NCDN	POLR1C	NSDHL	TFPI2	ZNF354A	MMP1	HS2ST1	TUSC2	MYC	STXBP1	ATP6V1A	PSAP	KCTD13	PTRH2	LARP6	RAB22A	PFDN2	BEX1	TIMM10B	SOD2	CD44	ZNF394	NEDD4L	BID	CTAG1B	SC5D	GRN	STK4	HSPA4	HIPK3	ASS1	PHKA1	SLC25A20	NPRL2	YES1	RNMT	KDSR	PLEKHB2	DHCR24	BMP2K	ANTXR1	UXS1	ACP6	SAV1	DHX32	TRIB3	UBE2H	CTAG2	CTTN	DCBLD2	SLC5A3	FBXL14	MCAT	GNS	PTPRO	POSTN	RUNX1	HIST1H2BE	GLRX	IL13RA2	STAT4	MTF1	CCR1	SLC26A2	SRPX	IDI1	PPID	MAD2L1BP	HTN1	LAMC2	SHC1	IFI30	ATP6V1B2																																																																																																																																																																																																																																																																																																				
CARDness	CARDness	SRMS	KCNIP3	GRAMD2A	CCL24	CLNK	LACC1	B4GALT6	ANK1	YPEL4	TMEM171	HRH1	HPN	VSIG4	KEL	MMP9	HBA2	SLC49A3	SLC7A4	MRAP	CXorf49	RAB38	F7	VWA3B	PTPN5	KIF5C	HBA1	HBQ1	ASPA	LYVE1	F2RL2	ZNF449	HSPA1A	HSPA1B	CLDN4	TUBA8	WIPF3	CEBPE	KDM5D	HS3ST2	GZMB	KLHL30	UPP1	CCR3	SERPINB8	ACYP2	BEND6	DUSP8	CXorf49B	CA1	ITGA2	MERTK	TMEM40	CREG2	HK3	TSPO2	LTF	LCN2	UTY	SLC39A4	MARVELD3	PTGES	ALDH1L1	GNB3	DDX3Y	PRDM1	GBP2	ADAMTS7	WNT10A	TRIM5	ACPP	OOSP2	CTLA4	SLFN14	ALOX15	DMPK	WNT10B	SLC4A1	DYNC2LI1	RGS13	PLSCR1	PTGS1	RAB3IL1	FCRL5	IGFALS	GZMA	SERPINA3	SLFN12	SLFN12L	TGM1	CD200R1L	CD200R1	KITLG	GZMK	GATA1	ALAS2	MYOM1	CD5L	ITGB2	PRSS16	ZNF23	RAB11FIP5	GPM6A	GCM2	KDELR3	TRIM10	TMPRSS6	C6	SOCS3	ITGA2B	PAQR9	C1RL	GNAZ	CDC42BPB	ARHGAP32	EDNRB	PTPRM	MMP13	MMP27	MAPK13	TGM2	FGGY	GYPE	GYPA	GYPB	LMCD1	SORBS3	PPBP	S100A9	CES2	SNCA	KLRB1	FASLG	THBS3	KCNA2	CYP4F22	LILRA6	LILRB3	LILRB5	LILRB2	LILRA5	LILRA4	LILRA2	LILRA1	LILRB1	LILRB4	PHYHIP	PDGFC	PIFO	IL10	MOGAT2	ARMCX6	GALNT3	NREP																																																																																																																																																																																																																																																																																																																																																																																																																																																																																																																																																																														
CHICAS_RB1_TARGETS_SENESCENT	> Genes up-regulated in senescent IMR90 cells (fibroblast) after knockdown of RB1 [GeneID=5925] by RNAi.	ABHD3	ABI2	ACADM	ACBD3	ACKR3	ACOT7	ACPP	ACTG2	ACYP1	ADD3	AGGF1	AKAP12	AKR7A2	ALDH1A3	ALDH7A1	ANKRD9	ANP32B	ANPEP	APCDD1L	APOBEC3G	AREG	ARL6IP6	ARMCX2	ARNTL2	ATAD2	ATP1B1	ATRX	BAALC	BBS2	BBX	BCL2A1	BDKRB2	BEAN1	BEX1	BGN	BIRC3	BRD3OS	BRI3BP	BTBD11	BTG3	BTN3A2	BTN3A3	C11orf54	C11orf96	C15orf48	C3	C3orf14	C6orf136	C9orf40	CA12	CACYBP	CAMK2N2	CAMTA1	CASP8AP2	CBR3	CBX5	CCDC71L	CCL20	CCL3	CCNB1IP1	CCNE1	CCNE2	CD274	CD69	CD82	CDC25A	CDC42BPA	CDC6	CDC7	CDCA7	CDCA7L	CDK2	CDK5RAP2	CDT1	CEBPZ	CEMIP	CENPK	CENPS	CENPU	CENPV	CENPX	CEP19	CEP57	CERS6	CHI3L1	CHST2	CISD2	CKLF	CKMT2-AS1	CLDN5	CLGN	CLIP1	CNRIP1	COL10A1	COL6A2	COL7A1	COMMD4	CPNE2	CRIP1	CSF2	CSF3	CST1	CST2	CST4	CSTF3	CTDSPL2	CTH	CTSS	CXCL1	CXCL10	CXCL11	CXCL2	CXCL3	CXCL5	CXCL6	CYB5A	CYB5R2	CYBRD1	CYGB	CYP26B1	CYP3A5	CYP3A7	DCBLD1	DCK	DDB2	DDIT4	DDX24	DDX60	DEK	DERA	DGAT2	DHFR	DIO2	DIP2C	DIRAS3	DNAJC1	DNAJC18	DNM1	DONSON	DPYSL3	DSN1	DTL	DTX3L	DUSP5	DUT	DYNC1H1	EDNRA	EFS	EGR3	EHF	EIF4EBP1	EMP1	EMP2	ENC1	ENO2	ENOSF1	ERAP2	ERCC1	ERGIC1	ESM1	EXOSC8	EZH2	FADS1	FAF2	FAH	FAM114A1	FAM129A	FANCG	FANCI	FANCL	FBL	FBXL21P	FBXO11	FBXO21	FBXO45	FEN1	FERMT1	FEZ1	FGD5-AS1	FKBP11	FLT1	FMC1	FOXQ1	FP236241.1	FRMD4A	FUT8	FZD1	G0S2	GABRB1	GAL	GALNT6	GBP3	GCH1	GCLM	GDNF	GEM	GFPT2	GINS1	GINS2	GJB2	GJC1	GK	GLCCI1	GLIS3	GLUL	GMNN	GMPS	GNB1	GNG2	GON7	GPD2	GSAP	GTPBP10	GUSB	GXYLT1	H2AFY	HACD3	HADH	HAS2	HAT1	HAUS1	HAUS2	HDGFL3	HELLS	HEY1	HIP1	HIPK2	HLA-B	HMGA2	HMGN2	HMGN2P46	HPRT1	HPSE	HSPA4L	HSPB11	IDH2	IFI6	IFIT3	IFITM1	IFNGR2	IFT80	IGF2	IGFBP3	IGFBP5	IL11	IL1A	IL24	IL27RA	IL33	IL37	IL6	IL6ST	ING2	INHBA	IRF9	ISG15	ISG20	ITGBL1	ITPRIPL2	IVNS1ABP	JAM2	JARID2	JDP2	JUN	KANK2	KCNG1	KCTD12	KIAA1841	KLHL7	KPNB1	KRAS	KYAT3	LANCL1	LAPTM5	LDB2	LGALS3BP	LIF	LINC00342	LMNB1	LPP	LRFN5	LRIG1	LRP11	LRRC15	LSP1P4	LUZP1	MAGEF1	MALAT1	MAP4	MAST2	MBD4	MCM2	MCM3	MCM4	MCM5	MCM6	MCM7	MCMBP	MCUB	MCUR1	MEA1	MEDAG	MELK	MIB1	MLH1	MLLT6	MLPH	MMD	MMP10	MMP12	MMP9	MRI1	MRPS6	MSH2	MSH6	MTHFD1	MTR	MXRA5	MYH10	NAMPT	NAP1L1	NASP	NAV1	NCAPG2	NET1	NETO2	NFKBIZ	NLRP1	NME7	NOL4L	NQO2	NR2F1-AS1	NRG1	NRGN	NSD3	NSMCE4A	NUCB2	NUCKS1	NUDT21	NUP85	NUSAP1	ODC1	OSBPL8	OSMR	OXCT1	OXR1	PAICS	PAQR5	PAWR	PAXIP1-AS1	PCLAF	PCNA	PCOLCE	PDLIM3	PDP1	PDZK1	PELI1	PHF19	PHGDH	PI3	PI4K2B	PIDD1	PITPNC1	PLAGL1	PLEK2	PLSCR1	PLTP	PMS1	POGLUT3	POLD3	POSTN	POU2F2	PPBP	PPIL3	PREX1	PRIM1	PRKD3	PRKDC	PRPS2	PRR11	PRRC2C	PRRT2	PRRX1	PRSS3	PRSS3P2	PRTFDC1	PRXL2A	PSIP1	PSMB8	PSMC3IP	PSME2	PTGS2	PTMA	PTN	PTP4A2	PTX3	QPCT	RAB27A	RAB27B	RAB31	RAB38	RANBP1	RASD1	RASL12	RASSF3	RASSF8-AS1	RBBP4	RBBP7	RBBP8	RBCK1	RBM39	RDH10	RFC2	RFC4	RFLNB	RFTN2	RFWD3	RGS17	RGS5	RHOBTB3	RHOF	RIF1	RIPK2	RMI1	RNASEH2A	RNASET2	RNF138	RNF168	RPA1	RPA3	RRM1	RRM2	S100PBP	SAC3D1	SAMHD1	SCG5	SDC3	SDHAF4	SEL1L3	SEMA4B	SERPINA1	SERPINA9	SERPINB3	SERPINB4	SERPINB7	SERPINE1	SESTD1	SF3B1	SFR1	SIMC1	SKA2	SKP2	SLAMF8	SLBP	SLC14A1	SLC20A1	SLC25A36	SLC25A37	SLC25A40	SLC27A3	SLC2A4RG	SLC39A8	SLC43A3	SLC5A3	SLC7A1	SLC7A2	SLCO4A1	SLFN11	SMAD5	SMARCC1	SMC1A	SMC3	SMC6	SMOC1	SNORD7	SNRPB	SNX7	SON	SOX11	SOX17	SP100	SPATA18	SPDL1	SPEN	SPIN4	SRD5A3	SRGAP2B	SRRM2	ST3GAL1	STEAP1	STMN3	SYNJ2	TAGLN3	TBX2-AS1	TBX3	TCEAL3	TCEAL7	TCIRG1	TEX30	TGIF1	THAP9-AS1	THBD	THBS2	THRAP3	THY1	TIFA	TIPIN	TM6SF1	TMEM106C	TMEM107	TMEM132A	TMEM173	TMEM54	TMEM97	TMPO	TNFAIP3	TNFAIP8	TNFSF15	TNP1	TOP1	TPR	TREM1	TRIB2	TRIB3	TRIM56	TRMT5	TRPC1	TSC22D1	TSLP	TSPAN5	TTC3	TUBG1	TXNIP	TYMS	UBE2L6	UBE2T	UBR7	UHRF1	UQCC2	USP1	VASH1	VCAM1	VEGFA	VNN1	VRK2	VWA5A	WASL	WDFY2	WDHD1	WDR34	WDR54	WDR76	WEE1	WWTR1	XIST	YY1	ZBTB38	ZDHHC6	ZEB1	ZG16B	ZNF367	ZNF83	ZNF846																																																																																																																																																				
COURTOIS_SENESCENCE_TRIGGERS	> Genes that trigger senescence in vitro and in vivo.	AKT1	CCNE1	CDC6	E2F1	E2F3	MOS	NF1	PTEN	ZHX2																																																																																																																																																																																																																																																																																																																																																																																																																																																																																																																																																																																																																																																																																																																														
E2F target genes	E2F target genes	TIPIN	ORC2	TRIP13	SMC6	NUP153	PNN	HELLS	MXD3	NUP205	IPO7	PRKDC	GINS1	ASF1A	MYBL2	NOLC1	MCM3	PTTG1	CDC25A	EED	MYC	WEE1	RRM2	POP7	RFC1	H2AFX	DEK	DCK	MCM4	PMS2	TBRG4	MCM7	SYNCRIP	BRMS1L	ZW10	DNMT1	XPO1	HUS1	MCM6	CDC25B	CDK1	PAICS	E2F8	DUT	POLE4	GSPT1	PTTG2	RPA1	SPC24	RPA3	CKS2	NBN	HMMR	RANBP1	TP53	MTHFD2	PRIM2	SLBP	BRCA2	RBBP7	TACC3	RAD50	ORC6	LYAR	CBX5	NCAPD2	CCNE1	TIMELESS	MRE11	TK1	ESPL1	MMS22L	STMN1	DONSON	CENPM	RNASEH2A	MAD2L1	UNG	ANP32E	ING3	MKI67	STAG1	HNRNPD	MCM5	KIF22	POLD1	PLK4	XRCC6	BIRC5	RAD21	CCNB2	SMC4	CDCA8	PHF5A	EZH2	BRCA1	AURKA	PPM1D	DSCC1	CSE1L	SRSF2	CDCA3	NUDT21	DDX39A	TOP2A	SMC3	SMC1A	PAN2	PDS5B	NAA38	POLA2	CDKN1A	CDKN2C	PLK1	DEPDC1	ILF3	BUB1B	BUB1B-PAK6	SUV39H1	TFRC	CDKN1B	UBE2S	CTCF	POLD2	PSIP1	LMNB1	RAD51C	AURKB	RAN	MSH2	CCP110	RACGAP1	UBE2T	PPP1R8	AK2	TRA2B	GINS3	SRSF1	KIF18B	NOP56	SSRP1	LIG1	HMGB2	NASP	CENPE	RPA2	RFC3	SNRPB	USP1	KIF4A	NUP107	DCLRE1B	DLGAP5	RFC2	PSMC3IP	RAD51AP1	SRSF8	KPNA2	LUC7L3	CKS1B	CDC20	POLE	LBR	MELK	CHEK1	EIF2S1	NAP1L1	EXOSC8	RAD1	PRDX4	CIT	DCTPP1	CDK4	KIF2C	SHMT1	ASF1B	CDKN3	MLH1	WDR90	TMPO	CHEK2	MCM2	GINS4	BARD1																																																																																																																																																																																																																																																																																																																																																																																																																																																																																																																																																
GO_CELL_AGING	> An aging process that has as participant a cell after a cell has stopped dividing. Cell aging may occur when a cell has temporarily stopped dividing through cell cycle arrest (GO:0007050) or when a cell has permanently stopped dividing, in which case it is undergoing cellular senescence (GO:0090398). May precede cell death (GO:0008219) and succeed cell maturation (GO:0048469). [GOC:PO_curators]	ABL1	AKT3	ARG2	ARNTL	ATM	ATR	BCL2	BCL2L12	BCL6	BGLAP	BMPR1A	BRCA2	C2orf40	CALR	CDK1	CDK6	CDKN1A	CDKN2A	CDKN2B	CGAS	CHEK1	CHEK2	CTC1	DNAJA3	EEF1E1	ENG	ERCC1	FBXO5	FOXM1	FZR1	H2AFX	HLA-G	HMGA1	HMGA2	HRAS	ICAM1	ID2	ILK	ING2	KAT6A	KIR2DL4	KRAS	LIMS1	LMNA	MAGEA2	MAGEA2B	MAP2K1	MAP3K3	MAPK14	MAPKAPK5	MARCH5	MIF	MIR10A	MIR146A	MIR17	MIR188	MIR20B	MIR21	MIR217	MIR22	MIR34A	MIR543	MIR590	MME	MNT	MORC3	MTOR	NAMPT	NEK4	NEK6	NOX4	NPM1	NSMCE2	NUAK1	NUP62	OPA1	PAWR	PDCD4	PLA2R1	PLK2	PML	PNPT1	PRELP	PRKCD	PRKDC	PRMT6	PTEN	RBL1	ROMO1	RSL1D1	RWDD1	SERPINE1	SIRT1	SLC30A10	SMC5	SMC6	SOD1	SRF	TBX2	TBX3	TERC	TERF2	TERT	TP53	TP63	TWIST1	ULK3	VASH1	WNT1	WNT16	WRN	YPEL3	ZKSCAN3	ZMIZ1	ZMPSTE24	ZNF277																																																																																																																																																																																																																																																																																																																																																																																																																																																																																																																																																																																																																			
GO_MARGINAL_ZONE_B_CELL_DIFFERENTIATION	> The process in which a B cell in the spleen acquires the specialized features of a marginal zone B cell. Marginal zone B cells are localized in a distinct anatomical region of the spleen that represents the major antigen-filtering and scavenging area (by specialized macrophages resident there). It appears that they are preselected to express a BCR repertoire similar to B-1 B cells, biased toward bacterial cell wall constituents and senescent self-components (such as oxidized LDL). [GOC:jal, ISBN:0781735149]	BCL3	CDH17	DLL1	DOCK10	DOCK11	LFNG	MFNG	NOTCH2	PTK2B																																																																																																																																																																																																																																																																																																																																																																																																																																																																																																																																																																																																																																																																																																																														
GO_MULTICELLULAR_ORGANISM_AGING	> An aging process that has as participant a whole multicellular organism. Multicellular organism aging includes loss of functions such as resistance to disease, homeostasis, and fertility, as well as wear and tear. Multicellular organisms aging includes processes like cellular senescence and organ senescence, but is more inclusive. May precede death (GO:0016265) of an organism and may succeed developmental maturation (GO:0021700). [GOC:PO_curators]	CGAS	CISD2	COMP	COQ7	CRYAB	CTSV	DDC	EDN1	ERCC1	GHRHR	HELT	HYAL2	IDE	INPP5D	LEP	LRRK2	MSH2	MSH6	NDUFS6	NR5A1	POU1F1	PRDM2	RAD54L	RNF165	SEC63	SERP1	SLC1A2	TFCP2L1	TH	TP53	TP63	TREX1	WRN	ZMPSTE24																																																																																																																																																																																																																																																																																																																																																																																																																																																																																																																																																																																																																																																																																																					
GO_NEUTROPHIL_CLEARANCE	> The selective elimination of senescent neutrophils from the body by autoregulatory mechanisms. [GOC:BHF, PMID:21957127]	ANXA1	AXL	CCR2	HMGB1	MERTK																																																																																																																																																																																																																																																																																																																																																																																																																																																																																																																																																																																																																																																																																																																																		
GO_STRESS_INDUCED_PREMATURE_SENESCENCE	> A cellular senescence process associated with the dismantling of a cell as a response to environmental factors such as hydrogen peroxide or X-rays. [GOC:BHF]	ARNTL	CDKN1A	MAPK14	MAPKAPK5	PLA2R1	SIRT1	TP53	WNT16																																																																																																																																																																																																																																																																																																																																																																																																																																																																																																																																																																																																																																																																																																																															
HALLMARK_E2F_TARGETS	HALLMARK_E2F_TARGETS	AURKA	BRCA2	CCP110	CENPE	CKS2	DCLRE1B	DNMT1	DONSON	EED	GINS1	GINS4	H2AFZ	LIG1	MAD2L1	MCM2	MCM4	MCM5	MCM7	MELK	MMS22L	NAA38	NASP	NUDT21	NUP205	ORC6	PCNA	PLK4	POLE	PRIM2	RAD51AP1	RFC2	RPA2	RPA3	SUV39H1	TMPO	UBE2T	WDR90	CDK1	MCM3	TOP2A	MCM6	BIRC5	CCNB2	RRM2	HMGB2	BUB1B	RFC3	EZH2	CHEK1	SMC4	MKI67	CDC20	PLK1	KIF2C	DLGAP5	AURKB	CDC25A	TRIP13	H2AFX	HMMR	E2F8	BRCA1	MYBL2	POLD1	RACGAP1	CKS1B	KPNA2	MSH2	CDKN3	ATAD2	RPA1	STMN1	TIPIN	TK1	CDCA8	ESPL1	NCAPD2	RANBP1	MRE11A	KIF4A	LMNB1	KIF22	UNG	SMC1A	CCNE1	CDCA3	ASF1B	POLA2	TIMELESS	HELLS	UBE2S	PRKDC	RAN	USP1	SPAG5	POLD3	DUT	TACC3	KIF18B	CDC25B	SRSF1	GINS3	NOLC1	SLBP	CHEK2	SPC25	BARD1	DCTPP1	SMC3	RNASEH2A	DEK	CENPM	RAD51C	CBX5	RFC1	POLD2	DSCC1	ILF3	DEPDC1	DCK	CDKN2C	MYC	TCF19	RAD1	LBR	NBN	PTTG1	UBR7	POLE4	TUBG1	CTCF	TUBB	SMC6	ZW10	PA2G4	SSRP1	NAP1L1	ANP32E	HMGB3	IPO7	RAD21	CDK4	CDKN1A	BRMS1L	RAD50	TRA2B	CSE1L	PAICS	STAG1	LUC7L3	PPM1D	NME1	SRSF2	XPO1	HNRNPD	PMS2	ASF1A	EXOSC8	MLH1	NUP107	ORC2	TP53	TFRC	HMGA1	PSIP1	DDX39A	SNRPB	CDKN1B	MTHFD2	WEE1	PRDX4	PHF5A	TBRG4	SHMT1	PRPS1	DIAPH3	NUP153	PSMC3IP	XRCC6	PNN	HUS1	RBBP7	PDS5B	NOP56	MXD3	PPP1R8	GSPT1	CDKN2A	AK2	CIT	ING3	HN1	POP7	SYNCRIP	EIF2S1	LYAR	PAN2	SPC24																																																																																																																																																																																																																																																																																																																																																																																																																																																																																																																																	
HALLMARK_PROTEIN_SECRETION	HALLMARK_PROTEIN_SECRETION	ARCN1	TMED10	COPB2	RAB14	ATP7A	COPB1	LAMP2	EGFR	IGF2R	COPE	PPT1	AP3S1	BET1	CLCN3	AP2S1	CLTC	AP2M1	RER1	KIF1B	ARF1	OCRL	ICA1	MON2	ARFGEF2	TMED2	NAPG	TMX1	PAM	SCAMP1	SH3GL2	RAB2A	COG2	VAMP3	ERGIC3	DOPEY1	VAMP4	VPS4B	NAPA	GNAS	STX7	SEC22B	VPS45	STX16	YKT6	SNX2	ARFGEF1	CLTA	CLN5	M6PR	SGMS1	USO1	TSG101	DNM1L	LMAN1	YIPF6	ARFIP1	ANP32E	TSPAN8	DST	SCRN1	SEC31A	VAMP7	SCAMP3	AP2B1	RAB22A	AP3B1	TPD52	ATP6V1H	GBF1	KRT18	CAV2	ATP1A1	BNIP3	ZW10	GALC	ADAM10	RAB5A	GOLGA4	SEC24D	AP1G1	MAPK1	GOSR2	RPS6KA3	STAM	ABCA1	SNAP23	SOD1	GLA	ATP6V1B1	STX12	CD63	TOM1L1	SSPN	ARFGAP3	RAB9A	CTSC																																																																																																																																																																																																																																																																																																																																																																																																																																																																																																																																																																																																																																							
KANNAN_TP53_TARGETS_UP	KANNAN_TP53_TARGETS_UP	PRKAB1	VCAN	BAK1	FHL2	IGFBP6	BBC3	DGKA	VIPR1	ACTA2	DMPK	CDKN1A	QSOX1	SCRIB	HIST1H2AC	NHLH2	GDF15	CARTPT	SPAG1	APOC1	SURF1	CTDSP2	LCAT	SLC3A2	DDB2	TAX1BP3	TMSB15A	HRAS	PMAIP1	TST	GADD45A	DCAF7	PDLIM4	BCL6	MAN2B1	NINJ1	PLIN2	BTG2	SCGB2A2	FAS	MARCH8	APLP1	GALE	SMTN	ZNF7	ABCA3	ENG	PLK3	LSR	LOXL1	NEFL	FEZ1	PCNA	ATF3	SMAD7	CES2	EXT2																																																																																																																																																																																																																																																																																																																																																																																																																																																																																																																																																																																																																																																																															
MYDness	MYDness	TSKU	MARCO	TSHR	PRUNE2	BCL2A1	TNFAIP2	C2orf80	ZFP37	FHAD1	SLIT3	PPARG	C4A	SLC6A12	DLC1	STAB1	UPK3B	CCL15	CCL15-CCL14	CCL23	SIRPB1	SIRPG	CFI	PROS1	SERPINB10	ASCL2	FAM162B	SCARF2	LMO1	OVOL3	ADGRE1	LYZ	PPP2R2B	EMILIN2	MS4A6A	MS4A6E	MRAS	LIPG	HTRA4	PLA2G7	SIRPA	AOAH	FAM217B	IGSF6	ADAMTS2	IL27	RNF128	HYDIN	SLAMF9	CDC42EP2	LDOC1	DNAH12	CSF1R	LPL	C4B	KCNG2	STEAP2	CD300E	SYCE1L	TCF7L2	ADRA2A	QPRT	NOS1AP	RASSF10	CSF3R	PGBD5	RHOU	CLEC4E	RIN2	HP	HPR	FGD4	MYOZ1	CLDN2	CALB2	OLFM1	SLC5A1	TTPA	UGT1A6	OSTN	CX3CR1	ACOD1	LMO3	FPR2	LILRA6	LILRB3	LILRB5	LILRB2	LILRA5	LILRA4	LILRA2	LILRA1	LILRB1	LILRB4	DRAM1	BEAN1	CEACAM19	FPR1																																																																																																																																																																																																																																																																																																																																																																																																																																																																																																																																																																																																																																						
Negative regulation of immune response	GO:0050777	TGFB1	PSMB4	TNFAIP3	IL7R	CD96	SERPINB9	BCL6	ADAR	CUEDC2	CD55	INPP5D	OTOP1	BST2	SERPING1	FGL2	ARG1	PARP14	PGLYRP3	GPR17	MICA	TTLL12	SCRIB	ABR	TNFRSF14	BCR	NPY5R	RC3H1	MMP12	XCL1	NLRP6	INS	FCGR2B	ADCYAP1	IL2RA	FOXP3	FER	CACTIN	KIR2DL4	HFE	IL27RA	LOXL3	NLRC5	LGALS9	PTPRC	TRAFD1	IFNL1	METTL3	IL20RB	FOXJ1	CTLA4	DUSP10	ALOX15	HLA-E	IL2	C4BPA	ANXA1	CEACAM1	ACOD1	NDFIP1	PPP3CB	HAVCR2	IFNA2	IFNB1	A2M	SERPINB4	TNFSF4	NR1H3	AMBP	FAM3A	MUL1	COL3A1	DCST1	IL4R	ZBTB7B	SMAD7	IL1RL1	APOA2	APOA1	TRIM27	HMOX1	NMI	NLRC3	ENPP3	DRD2	DUSP22	FOXF1	CD59	NLRX1	ARG2	HLA-F	PPARG	ARRB2	IL33	PARP3	SAMHD1	RC3H2	HLX	JAK3	IRAK3	CD300A	YTHDF2	FCRLB	STAT6	SOCS5	ZC3H12A	PSMA1	NR1H2	PGLYRP2	CLEC4G	TNF	ANGPT1	CCR2	CRK	SLAMF8	IL10	IL13RA2	IL12B	PGLYRP4	VSIG4	RPS19	DHX58	CD160	TGFB3	LILRB1	C4BPB	PTPN2	TYRO3	IFI16	TBX21	HLA-G	SELENOS	TREX1	LYN	SAMSN1	CNOT7	GPX1	PTPN6	LGALS3	CR1	YTHDF3	SPINK5	CLEC12B	THOC1	CD84	PGLYRP1	PDCD1	GRN	TGFB2																																																																																																																																																																																																																																																																																																																																																																																																																																																																																																																																																																																			
Negative Regulation of T-cell activation	GO:0050868	GNRH1	HMGB1	ERBB2	MARCH7	NRARP	TIGIT	CD80	BCL6	LAG3	SCGB1A1	LRRC32	FGL2	ARG1	PLA2G2D	PAG1	SOCS6	TWSG1	TNFRSF14	PDE5A	RC3H1	XCL1	FCGR2B	IL2RA	FOXP3	LILRB2	BTN2A2	TARM1	HFE	CBFB	LOXL3	IDO1	LGALS9	PLA2G2F	IFNL1	SDC4	SHH	MDK	GLMN	IL20RB	TMEM131L	FOXJ1	CTLA4	DUSP3	LGALS9C	RUNX3	IL2	ANXA1	CEACAM1	NDFIP1	HAVCR2	DLG5	DTX1	IFNA2	IFNB1	TNFSF4	VTCN1	PLA2G2E	CD274	CD74	PRNP	IL4R	ZBTB7B	SMAD7	ZC3H8	FGL1	PLA2G2A	SFTPD	DLG1	DUSP22	ARG2	GLI3	TNFAIP8L2	PRDX2	MAD1L1	GPNMB	RC3H2	HLX	JAK3	CD86	PTPN22	CASP3	LOC102723996	CD300A	IRF1	SOCS5	ZC3H12A	IHH	CLEC4G	SOCS1	IL10	ADORA2A	LGALS9B	RUNX1	VSIG4	PELI1	PRKAR1A	NFKBID	LILRB1	PAWR	PTPN2	TBX21	RIPOR2	HLA-G	CEBPB	BMP4	VSIR	PDCD1LG2	PTPN6	LGALS3	TNFRSF21	LAX1	SPN																																																																																																																																																																																																																																																																																																																																																																																																																																																																																																																																																																																																																							
NF-kB activation	GO:0051092	KRAS	TRAF6	IKBKB	LTF	AIM2	RIPK4	CARD11	RPS3	EDA	TAB3	NFKB2	UBC	PIDD1	S100A8	ITGB2	NLRC4	AMH	APP	TRIM15	TRIM5	TRIM25	FLOT2	TRIM62	PSMA6	IL18	AGT	RPS27A	PRKCZ	TAB1	INS	IL1B	MYD88	CIB1	TIRAP	S100A9	PRKCI	FER	TRIM38	TRIM37	TRAF5	TRIM22	CARM1	LGALS9	UBB	WNT5A	TRIM8	RHEBL1	ERC1	TICAM1	PRKD2	MTDH	CX3CL1	RBCK1	IKBKG	ARHGEF2	NOD2	NTRK1	EDA2R	CFLAR	TNFSF11	PLA2G1B	TRAF1	IRAK1	TRADD	ROR1	TLR4	S100A12	UBE2V1	CAV1	TLR3	CD40LG	TRIM13	DHX9	NLRP3	TRIM52	MID2	CAMK2A	GREM1	TLR9	CHUK	TRIM32	H0Y858	TERF2IP	SPHK1	CAT	NFKB1	RIPK1	ADAM8	CARD14	TRAF2	PRDX3	ZBTB7A	TAB2	STAT3	CARD16	RELA	PRKCQ	PRKCB	RNF25	TNFRSF11A	AR	IRAK2	HSPA1B	RAB7B	CAPN3	UBA52	IRAK3	MAP3K7	RIPK3	RNF31	MAP3K13	CD40	IL18RAP	ALK	PYCARD	TLR2	TRAPPC9	EIF2AK2	MTPN	TNF	RTKN2	NPM1	IL18R1	CLOCK	PRKCH	UBE2N	MALT1	NOD1	DDRGK1	CLU	IL1RAP	CD36	DHX33	CTH	ICAM1	TLR6	RPS6KA4	CX3CR1	FLOT1	HSPA1A	RIPK2	TRIM14	BCL10	RPS6KA5	TNFSF18	LRRFIP1	BTK	PRKD1	AGER																																																																																																																																																																																																																																																																																																																																																																																																																																																																																																																																																																																		
NF-kB Cell surface receptors	NF-kB Cell surface receptors	ABCA1	ABCC6	ADORA1	ADORA2A	ADAM19	BDKRB1	OPRD1	ABCB4	GRM2	NPY1R	GRIN2A																																																																																																																																																																																																																																																																																																																																																																																																																																																																																																																																																																																																																																																																																																																												
NF-kB Cytokines/Chemokines	NF-kB Cytokines/Chemokines	PRDM1	CCL5	CCL17	CCL22	CXCL1	CXCL3	ICOS	IFNG	IL1B	IL2	IL10	IL11	IL12B	IL15	IL23A	IL27	EBI3	CXCL5	LTB	CCL2	CXCL9	CCL3	CCL4	TFF3																																																																																																																																																																																																																																																																																																																																																																																																																																																																																																																																																																																																																																																																																																															
NF-kB Enzymes	NF-kB Enzymes	ABCB9	GCNT1	AICDA	BTK	CTSL	UGGT1	ST8SIA1	NOX1	GCLM	GZMB	GUCY1A2	HPSE	HMOX1	IDO1	PDE7A	PIM1	PIK3CA	PRKCD	PTGIS	PTGES	PTPN1	PTHLH	GNB2L1	NUAK2	PAFAH2	XDH																																																																																																																																																																																																																																																																																																																																																																																																																																																																																																																																																																																																																																																																																																													
NF-KB GILMORE COMPILED	NF-kB Gilmore Compiled	PRDM1	CCL5	CCL17	CCL22	CXCL1	CXCL3	ICOS	IFNG	IL1B	IL2	IL10	IL11	IL12B	IL15	IL23A	IL27	EBI3	CXCL5	LTB	CCL2	CXCL9	CCL3	CCL4	TFF3	CD80	CCR7	CXCR1	TNFRSF9	CD40LG	CD3G	CD38	CD40	CD48	CD83	CD86	TNFRSF4	FCGRT	BDKRB1	TLR2	TLR9	CFB	C3	TAP1	TAPBP	FN1	ICAM1	NCAM1	C4A	PTX3	F3	PLAU	CYP2E1	FTH1	GCLM	ALOX5	MAP4K1	MX1	NQO1	ABCA1	ABCC6	ADORA1	ADORA2A	ADAM19	OPRD1	ABCB4	GRM2	NPY1R	GRIN2A	PYCARD	BAX	CD274	PTPN13	TRAF1	XIAP	BDNF	BMP2	BMP4	CSF3	HGF	NGF	PENK	PRL	THBS2	VEGFC	TNFAIP3	TNIP3	AR	BCL3	CDX1	MYC	AHCTF1	HOXA9	IRF1	IRF7	NFKBIE	NFKBIZ	NFKB1	SOX9	TWIST1	WT1	ABCB9	GCNT1	AICDA	BTK	CTSL	UGGT1	ST8SIA1	NOX1	GZMB	GUCY1A2	HPSE	HMOX1	IDO1	PDE7A	PIM1	PIK3CA	PRKCD	PTGIS	PTGES	PTPN1	PTHLH	NUAK2	PAFAH2	XDH	ASPH	AFP	APOBEC2	APOE	AQP4	BRCA2	CLDN2	COL1A2	CCND1	GADD45B	LGALS3	HMGN1	KRT15	LAMB2	S100A4	MBP	TNIP1	C2CD4A	S100A10	PSME2	PAX8	PTS	PRF1	PGK1	PDYN	RIPK2	S100A6	SH3BGRL	OPN1SW	KCNK5	TRPC1	UPK1B	VIM	TNFSF13B	CCL20	CCL28	CXCL11	CXCL10	CXCL2	IL1A	IL1RN	IL6	IL9	IL12A	IL13	IFNB1	CALCA	LTA	CCL1	TNF	TNFSF10	TNFSF15	CXCR5	CXCR2	CR2	SLC3A2	F11R	IL2RA	B2M	NOD2	PIGR	PGLYRP1	TNFRSF1B	TREM1	PSMB9	CD44	SELE	ENG	MADCAM1	SELP	TNC	VCAM1	AGT	HAMP	LBP	SAA2	CYP7B1	PTGS2	GCLC	HSP90AA1	ALOX12	NOS2	SENP2	SOD1	SOD2	SCNN1A	ADRA2B	CD69	EGFR	ERBB2	OLR1	OPRM1	GRIN1	OXTR	PTAFR	AGER	BCL2L1	BCL2L11	BNIP3	CASP4	CFLAR	FAS	CIDEA	IER3	TRAF2	TIFA	INHBA	ANGPT1	PIK3AP1	BLNK	CALCB	FGF8	CSF2	EPO	IGFBP1	IGFBP2	CSF1	MDK	TACR1	NRG1	SPP1	PDGFB	THBS1	WNT10B	TNFAIP2	EGR1	DCTN4	KLF10	BMI1	FOS	MYB	REL	CEBPD	DMP1	E2F3	ELF3	IER2	GATA3	NR3C1	HIF1A	IRF2	IRF4	NFKBIA	JUNB	KDM6B	LEF1	NFKB2	NLRP2	NR4A2	SP7	PGR	RELB	SNAI1	STAT5A	YY1	AMACR	ARFRP1	CYP19A1	BACE1	CDK6	CHI3L1	RDH16	DPYD	DNASE1L2	LIPG	ENO2	GAD1	MMP9	GSTP1	G6PC	HAS1	HSD11B2	ATP1A2	DIO2	PTGDS	MTHFR	DUSP1	MMP3	MYLK	NOS1	PLK3	PPP5C	PLCD1	REV3L	ST6GAL1	SAT1	TERT	TGM1	TGM2	UPP1	ABCG5	ABCG8	ORM1	AMH	APP	APOC3	APOD	BGN	MYOZ1	CAV1	CDKN1A	GJB1	CCND2	CCND3	SLC11A2	EDN1	EPHA1	F8	GNAI2	MT3	KRT5	VPS53	FABP6	KRT6B	LTF	LCN2	MUC2	SLC16A1	PSME1	SERPINE1	POMC	PTEN	RAG2	SERPINE2	KCNN2	SKP2	SPATA19	SDC4	SLC6A6	TFPI2	TICAM1	UBE2M	UCP2	CYP27B1	CCL15	CCL19	CCL23	CXCL8	CXCL6	CCR5	FCER2	HLA-G	IGHG2	IGHG1	IGHG4	IGHE	IGKC	HLA-B	CD209	DEFB4A	C4BPA	SAA1	SAA3P	CYP2C9	VIMP	KISS1	ABCB1	BCL2A1	BCL2	FASLG	FSTL3	IL32	PIGF	KITLG	ZNF366	CREB3	TP53	SPI1	TFEC	ADH1A	ASS1	ART1	SERPINA3	CTSB	MMP1	AKR1C1	G6PD	GNRH2	HSD17B8	LYZ	PRKACA	SERPINA2	SUPV3L1	PI3	GBP1	HBE1	HBZ	IFI44L	KRT3	SERPINB1	KLK3	RAG1	RBBP4	ERVW-1	TF	SERPINA1																																																																																																																																																																																																																																																																																																			
NF-kB Growth factor ligands	NF-kB Growth factor ligands	BDNF	BMP2	BMP4	CSF3	HGF	NGF	PENK	PRL	THBS2	VEGFC																																																																																																																																																																																																																																																																																																																																																																																																																																																																																																																																																																																																																																																																																																																													
NF-kB Immunoreceptors	NF-kB Immunoreceptors	CXCR5	CXCR2	CR2	SLC3A2	F11R	IL2RA	B2M	NOD2	PIGR	PGLYRP1	TNFRSF1B	TREM1																																																																																																																																																																																																																																																																																																																																																																																																																																																																																																																																																																																																																																																																																																																											
NF-kB Miscellaneous	NF-kB Miscellaneous	ABCG5	ABCG8	ORM1	AMH	APP	APOC3	APOD	BGN	MYOZ1	CAV1	CDKN1A	GJB1	CCND2	CCND3	IER3	SLC11A2	EDN1	EPHA1	F8	GNAI2	MT3	KRT5	VPS53	FABP6	IGFBP2	KRT6B	KRT6B	LTF	LCN2	MUC2	SLC16A1	PSME1	SERPINE1	POMC	PTEN	RAG2	SERPINE2	KCNN2	SKP2	SPATA19	SDC4	SLC6A6	TFPI2	TICAM1	UBE2M	UCP2	CYP27B1																																																																																																																																																																																																																																																																																																																																																																																																																																																																																																																																																																																																																																																																																								
NF-kB Stress response	NF-kB Stress response	CYP2E1	FTH1	GCLM	ALOX5	MAP4K1	MX1	NQO1																																																																																																																																																																																																																																																																																																																																																																																																																																																																																																																																																																																																																																																																																																																																
NF-kB Targets	NF-kB targets	TNFSF13B	PRDM1	CCL5	CCL15	CCL17	CCL19	CCL20	CCL22	CCL23	CCL28	CXCL1	CXCL11	CXCL10	CXCL3	CXCL1	ICOS	IFNG	IL1A	IL1B	IL1RN	IL2	IL6	IL8	IL9	IL10	IL11	IL12B	IL12A	IL13	IL15	IL17	IL23A	IL27	EBI3	IFNB1	CXCL5	KC	LIGP1	CXCL5	CXCL6	LTA	LTB	CCL2	CXCL9	CCL3	CCL4	CCL4	CXCL3	CCL20	CXCL10	CXCL5	CCL5	CCL1	TNF	LTA	TNFSF10	TFF3	TNFSF15																																																																																																																																																																																																																																																																																																																																																																																																																																																																																																																																																																																																																																																																													
NF-kB Transcription factors	NF-kB Transcription factors	BMI1	FOS	MYB	REL	CEBPD	DMP1	E2F3	ELF3	IER2	GATA3	NR3C1	HIF1A	IRF2	IRF4	NFKBIA	JUNB	KDM6B	LEF1	NFKB2	NLRP2	NR4A2	SP7	PGR	RELB	SNAI1	STAT5A	YY1																																																																																																																																																																																																																																																																																																																																																																																																																																																																																																																																																																																																																																																																																																												
Positive regulation of cellular response to TGF-beta	GO:1903846	GIPC1	SNW1	ITGA8	EP300	CDKN1C	HSP90AB1	CITED2	SDCBP	MYOCD	NPNT	STK11	CITED1	TGFBR3	LRG1	FERMT1	ADAM17	HIPK2	GOT1	FLCN	TGFB1I1	CREBBP	SMAD4	RNF111	J3QW42	CDKN2B	DAB2	THBS1	ING2	MEN1																																																																																																																																																																																																																																																																																																																																																																																																																																																																																																																																																																																																																																																																																																										
REACTOME_DNA_DAMAGE_TELOMERE_STRESS_INDUCED_SENESCENCE	> DNA Damage/Telomere Stress Induced Senescence	ACD	AL096870.1	ASF1A	ATM	CABIN1	CCNA1	CCNA2	CCNE1	CCNE2	CDK2	CDKN1A	CDKN1B	EP400	H1F0	H2AFB1	H2AFJ	H2AFV	H2AFX	H2AFZ	H2BFS	HIRA	HIST1H1A	HIST1H1B	HIST1H1C	HIST1H1D	HIST1H1E	HIST1H2AB	HIST1H2AC	HIST1H2AD	HIST1H2AE	HIST1H2AJ	HIST1H2BA	HIST1H2BB	HIST1H2BC	HIST1H2BD	HIST1H2BE	HIST1H2BF	HIST1H2BG	HIST1H2BH	HIST1H2BI	HIST1H2BJ	HIST1H2BK	HIST1H2BL	HIST1H2BM	HIST1H2BN	HIST1H2BO	HIST1H4A	HIST1H4B	HIST1H4C	HIST1H4D	HIST1H4E	HIST1H4F	HIST1H4H	HIST1H4I	HIST1H4J	HIST1H4K	HIST1H4L	HIST2H2AA3	HIST2H2AA4	HIST2H2AC	HIST2H2BE	HIST2H4A	HIST2H4B	HIST3H2BB	HIST3H3	HIST4H4	HMGA1	HMGA2	KAT5	LMNB1	MRE11	NBN	POT1	RAD50	RB1	TERF1	TERF2	TERF2IP	TP53	UBN1																																																																																																																																																																																																																																																																																																																																																																																																																																																																																																																																																																																																																																																							
T-cell exhaustion (APC)	T-cell exhaustion (APC)	CD70	CD44	BATF	PDCD1	IL12A	LAG3	IL27	EBI3	TBX21	CD96	TGFB1	BTLA	SPN	TIGIT	VSIR	PRDM1	CTLA4	EOMES	CD160	IL10	CD69	HAVCR2																																																																																																																																																																																																																																																																																																																																																																																																																																																																																																																																																																																																																																																																																																																	
TANG_SENESCENCE_TP53_TARGETS_DN	TANG_SENESCENCE_TP53_TARGETS_DN	MAP1B	TK1	BUB1	QPCT	PTTG3P	ZFY	NUSAP1	CENPE	TFAM	FOSL2	NCAPG	HIST1H2AL	KIF20A	KIF20B	CDK1	NUP62	CDC25A	PPL	KIF4A	OR1E1	PTTG1	MRE11A	ADARB1	EXOSC9	BIRC5	CTH	PBK	TCF4	SPAG5	NRGN	SMC4	TPX2	CCNA2	PRC1	CDC20	TTK	UBE2C	LMNB1	EZH2	CENPA	KIF23	FBXO5	NEK2	CCNB2	MAF	ADH1B	IGFBP5	RACGAP1	TOP2A	DBF4	PDP1	AURKB	TREM1	KIF11	IL12RB2	BARD1	PLK4																																																																																																																																																																																																																																																																																																																																																																																																																																																																																																																																																																																																																																																																														
Toll-like receptor signaling pathway	GO:0002224	CTSK	TRAF6	TNFAIP3	IKBKB	HMGB1	LTF	LGR4	TAB3	UBC	LBP	TANK	S100A8	ITGB2	PJA2	MAP3K1	CYBA	PRKCE	HSP90B1	RPS27A	GFI1	TRIL	ITGAM	RSAD2	TAB1	NLRP6	RAB11FIP2	TLR8	S100A14	LILRA2	TICAM2	S100A1	COLEC12	F2RL1	MYD88	TIRAP	S100A9	CACTIN	IRF4	PIK3R4	SCIMP	LGMN	SFTPA1	SFTPA2	EPG5	WDFY1	LRRC14	TNIP1	UBB	TICAM1	SARM1	IKBKG	TREML4	IRF7	SMPDL3B	ACOD1	REG3G	UBE2D1	CD300LF	HAVCR2	IRAK1	BPIFB1	CD14	TLR4	PIK3AP1	CAV1	TLR3	PTPRS	APOB	IRAK4	NR1H4	FADD	NR1H3	TRAF3	FCRL3	TLR9	CHUK	H0Y858	FGG	FGB	FGA	CNPY3	TLR7	GPS2	RIPK1	TLR10	SFTPD	UNC93B1	TAB2	NFKBIL1	CTSL	ARRB2	UBE2D2	TNIP2	PIK3C3	CASP8	IRAK2	NLRP2B	RAB7B	PTPN22	UBA52	IRAK3	CD300A	MAPKAPK2	MAP3K7	IRF1	APPL2	NFKBIA	RFTN1	IRF3	CTSS	TLR5	TLR2	LY96	RPS6KA3	TLR1	BIRC2	PDPK1	BIRC3	OTUD4	UBE2D3	APPL1	NR1D1	LRRC19	CD36	CTSB	DAB2IP	ESR1	TLR6	PELI1	MFHAS1	TBK1	FLOT1	GRAMD4	LILRA4	RIPK2	TYRO3	MAPKAPK3	LYN	IKBKE	HSPD1	BCL10	RTN4	TNIP3	UBQLN1	BTK																																																																																																																																																																																																																																																																																																																																																																																																																																																																																																																																																																																						
